Price,Close,High,Low,Open,Volume
Ticker,TSLL,TSLL,TSLL,TSLL,TSLL
Datetime,,,,,
2025-03-06 14:30:00+00:00,11.249899864196777,11.5,11.171199798583984,11.479999542236328,16327701
2025-03-06 14:31:00+00:00,11.21500015258789,11.319999694824219,11.175000190734863,11.229999542236328,580701
2025-03-06 14:32:00+00:00,11.089900016784668,11.270000457763672,11.0649995803833,11.220000267028809,770561
2025-03-06 14:33:00+00:00,11.140000343322754,11.179900169372559,11.039999961853027,11.079999923706055,623511
2025-03-06 14:34:00+00:00,11.119999885559082,11.149999618530273,11.0600004196167,11.140000343322754,647520
2025-03-06 14:35:00+00:00,10.982000350952148,11.119999885559082,10.9399995803833,11.095000267028809,1225600
2025-03-06 14:36:00+00:00,10.9399995803833,11.0,10.899999618530273,10.989100456237793,691300
2025-03-06 14:37:00+00:00,10.989800453186035,11.010000228881836,10.922499656677246,10.949899673461914,535254
2025-03-06 14:38:00+00:00,11.025400161743164,11.039999961853027,10.942500114440918,10.98009967803955,726898
2025-03-06 14:39:00+00:00,11.000699996948242,11.079899787902832,10.994999885559082,11.024999618530273,780125
2025-03-06 14:40:00+00:00,11.104999542236328,11.140000343322754,10.949999809265137,11.005000114440918,655064
2025-03-06 14:41:00+00:00,11.022299766540527,11.15999984741211,11.0,11.130000114440918,722129
2025-03-06 14:42:00+00:00,11.079999923706055,11.100000381469727,11.003600120544434,11.025699615478516,318564
2025-03-06 14:43:00+00:00,10.921199798583984,11.089900016784668,10.920000076293945,11.089900016784668,706258
2025-03-06 14:44:00+00:00,10.895000457763672,10.930000305175781,10.869999885559082,10.925000190734863,1481193
2025-03-06 14:45:00+00:00,10.954999923706055,11.000699996948242,10.880000114440918,10.911199569702148,684683
2025-03-06 14:46:00+00:00,10.981200218200684,10.997300148010254,10.925000190734863,10.958800315856934,269364
2025-03-06 14:47:00+00:00,11.029999732971191,11.050000190734863,10.978799819946289,10.982399940490723,284674
2025-03-06 14:48:00+00:00,10.989999771118164,11.09000015258789,10.95009994506836,11.039999961853027,485407
2025-03-06 14:49:00+00:00,11.050000190734863,11.069999694824219,10.989700317382812,10.999899864196777,434333
2025-03-06 14:50:00+00:00,11.104999542236328,11.149999618530273,11.024999618530273,11.039999961853027,549129
2025-03-06 14:51:00+00:00,11.135000228881836,11.175000190734863,11.100000381469727,11.114500045776367,670699
2025-03-06 14:52:00+00:00,11.125,11.180000305175781,11.100000381469727,11.135000228881836,808952
2025-03-06 14:53:00+00:00,11.069999694824219,11.199799537658691,11.0649995803833,11.122200012207031,527520
2025-03-06 14:54:00+00:00,11.056500434875488,11.07979965209961,11.0,11.069700241088867,304353
2025-03-06 14:55:00+00:00,11.134499549865723,11.149900436401367,11.010000228881836,11.045000076293945,316953
2025-03-06 14:56:00+00:00,11.038800239562988,11.139900207519531,11.009300231933594,11.139900207519531,345044
2025-03-06 14:57:00+00:00,11.04990005493164,11.055000305175781,11.0,11.047599792480469,394608
2025-03-06 14:58:00+00:00,11.029999732971191,11.085000038146973,11.02929973602295,11.055000305175781,199824
2025-03-06 14:59:00+00:00,11.025400161743164,11.079999923706055,11.015000343322754,11.020000457763672,288926
2025-03-06 15:00:00+00:00,11.164999961853027,11.249300003051758,10.949999809265137,11.020000457763672,1250040
2025-03-06 15:01:00+00:00,11.149999618530273,11.260000228881836,11.140800476074219,11.164999961853027,548737
2025-03-06 15:02:00+00:00,11.157600402832031,11.198399543762207,11.104999542236328,11.154999732971191,422940
2025-03-06 15:03:00+00:00,11.259900093078613,11.279999732971191,11.164999961853027,11.164999961853027,611281
2025-03-06 15:04:00+00:00,11.25,11.31879997253418,11.241499900817871,11.259300231933594,630069
2025-03-06 15:05:00+00:00,11.220000267028809,11.297800064086914,11.206399917602539,11.25100040435791,340206
2025-03-06 15:06:00+00:00,11.236599922180176,11.305000305175781,11.199999809265137,11.225000381469727,410224
2025-03-06 15:07:00+00:00,11.316699981689453,11.350000381469727,11.229999542236328,11.229999542236328,571136
2025-03-06 15:08:00+00:00,11.300100326538086,11.35990047454834,11.289999961853027,11.319999694824219,475646
2025-03-06 15:09:00+00:00,11.265000343322754,11.329999923706055,11.265000343322754,11.305000305175781,289811
2025-03-06 15:10:00+00:00,11.260700225830078,11.279999732971191,11.229999542236328,11.265000343322754,391635
2025-03-06 15:11:00+00:00,11.29170036315918,11.319999694824219,11.270000457763672,11.270000457763672,283303
2025-03-06 15:12:00+00:00,11.296199798583984,11.3100004196167,11.239999771118164,11.295000076293945,173539
2025-03-06 15:13:00+00:00,11.303000450134277,11.350000381469727,11.270000457763672,11.295000076293945,303638
2025-03-06 15:14:00+00:00,11.321999549865723,11.34000015258789,11.240099906921387,11.3149995803833,290347
2025-03-06 15:15:00+00:00,11.391200065612793,11.399900436401367,11.298800468444824,11.319999694824219,444901
2025-03-06 15:16:00+00:00,11.34000015258789,11.41100025177002,11.321200370788574,11.38949966430664,472483
2025-03-06 15:17:00+00:00,11.364999771118164,11.380000114440918,11.289999961853027,11.330499649047852,260285
2025-03-06 15:18:00+00:00,11.364999771118164,11.444999694824219,11.342000007629395,11.362299919128418,655077
2025-03-06 15:19:00+00:00,11.385000228881836,11.420000076293945,11.359999656677246,11.368900299072266,189302
2025-03-06 15:20:00+00:00,11.383299827575684,11.40999984741211,11.34000015258789,11.380000114440918,295804
2025-03-06 15:21:00+00:00,11.380000114440918,11.430000305175781,11.359999656677246,11.399999618530273,375437
2025-03-06 15:22:00+00:00,11.420000076293945,11.441100120544434,11.364999771118164,11.385000228881836,281141
2025-03-06 15:23:00+00:00,11.396300315856934,11.4350004196167,11.375,11.419699668884277,212841
2025-03-06 15:24:00+00:00,11.364999771118164,11.414999961853027,11.350000381469727,11.395000457763672,483897
2025-03-06 15:25:00+00:00,11.28499984741211,11.364999771118164,11.270000457763672,11.364999771118164,397145
2025-03-06 15:26:00+00:00,11.229999542236328,11.319999694824219,11.220100402832031,11.289999961853027,359472
2025-03-06 15:27:00+00:00,11.305000305175781,11.319999694824219,11.210100173950195,11.220000267028809,367759
2025-03-06 15:28:00+00:00,11.3149995803833,11.336199760437012,11.25,11.29990005493164,146376
2025-03-06 15:29:00+00:00,11.389900207519531,11.390000343322754,11.319999694824219,11.319999694824219,299927
2025-03-06 15:30:00+00:00,11.359999656677246,11.399999618530273,11.345000267028809,11.387800216674805,195458
2025-03-06 15:31:00+00:00,11.328900337219238,11.369999885559082,11.300000190734863,11.366000175476074,480275
2025-03-06 15:32:00+00:00,11.354999542236328,11.366499900817871,11.289999961853027,11.345000267028809,120330
2025-03-06 15:33:00+00:00,11.330100059509277,11.389900207519531,11.319999694824219,11.350099563598633,216656
2025-03-06 15:34:00+00:00,11.270400047302246,11.350000381469727,11.260000228881836,11.348899841308594,184418
2025-03-06 15:35:00+00:00,11.282699584960938,11.295000076293945,11.25,11.26930046081543,146350
2025-03-06 15:36:00+00:00,11.31760025024414,11.324999809265137,11.265000343322754,11.2878999710083,157440
2025-03-06 15:37:00+00:00,11.354999542236328,11.367500305175781,11.289999961853027,11.298800468444824,140038
2025-03-06 15:38:00+00:00,11.375,11.375,11.3302001953125,11.345000267028809,159408
2025-03-06 15:39:00+00:00,11.479900360107422,11.510000228881836,11.36989974975586,11.375,648855
2025-03-06 15:40:00+00:00,11.520000457763672,11.53499984741211,11.461000442504883,11.475000381469727,394506
2025-03-06 15:41:00+00:00,11.46500015258789,11.524999618530273,11.410099983215332,11.524999618530273,317848
2025-03-06 15:42:00+00:00,11.479999542236328,11.509900093078613,11.460100173950195,11.479999542236328,200298
2025-03-06 15:43:00+00:00,11.475000381469727,11.510000228881836,11.449999809265137,11.470000267028809,513432
2025-03-06 15:44:00+00:00,11.5,11.524999618530273,11.460100173950195,11.470000267028809,226221
2025-03-06 15:45:00+00:00,11.469799995422363,11.550000190734863,11.465399742126465,11.495100021362305,381593
2025-03-06 15:46:00+00:00,11.46500015258789,11.524999618530273,11.460000038146973,11.460100173950195,144338
2025-03-06 15:47:00+00:00,11.456399917602539,11.494999885559082,11.440199851989746,11.460000038146973,146010
2025-03-06 15:48:00+00:00,11.45009994506836,11.468999862670898,11.40999984741211,11.454999923706055,193346
2025-03-06 15:49:00+00:00,11.399999618530273,11.469900131225586,11.399999618530273,11.456399917602539,163974
2025-03-06 15:50:00+00:00,11.350199699401855,11.41510009765625,11.345000267028809,11.399999618530273,357166
2025-03-06 15:51:00+00:00,11.36929988861084,11.36929988861084,11.329999923706055,11.356399536132812,181934
2025-03-06 15:52:00+00:00,11.345399856567383,11.404999732971191,11.335000038146973,11.37660026550293,423969
2025-03-06 15:53:00+00:00,11.345000267028809,11.364999771118164,11.323699951171875,11.345000267028809,231756
2025-03-06 15:54:00+00:00,11.261199951171875,11.345000267028809,11.25,11.345000267028809,251062
2025-03-06 15:55:00+00:00,11.246299743652344,11.274999618530273,11.229999542236328,11.261199951171875,203292
2025-03-06 15:56:00+00:00,11.225000381469727,11.244999885559082,11.210000038146973,11.239999771118164,244451
2025-03-06 15:57:00+00:00,11.255399703979492,11.270000457763672,11.229999542236328,11.229999542236328,205082
2025-03-06 15:58:00+00:00,11.261099815368652,11.295000076293945,11.260100364685059,11.270000457763672,224260
2025-03-06 15:59:00+00:00,11.308799743652344,11.329899787902832,11.265000343322754,11.265000343322754,135591
2025-03-06 16:00:00+00:00,11.399999618530273,11.420000076293945,11.319999694824219,11.319999694824219,404955
2025-03-06 16:01:00+00:00,11.429300308227539,11.449999809265137,11.399999618530273,11.400300025939941,250555
2025-03-06 16:02:00+00:00,11.40999984741211,11.437100410461426,11.400099754333496,11.425399780273438,157089
2025-03-06 16:03:00+00:00,11.414999961853027,11.420000076293945,11.380000114440918,11.40999984741211,258463
2025-03-06 16:04:00+00:00,11.34000015258789,11.40999984741211,11.314599990844727,11.40999984741211,116203
2025-03-06 16:05:00+00:00,11.319899559020996,11.354999542236328,11.291199684143066,11.340700149536133,149920
2025-03-06 16:06:00+00:00,11.289999961853027,11.328499794006348,11.260000228881836,11.324999809265137,149124
2025-03-06 16:07:00+00:00,11.25,11.300000190734863,11.234999656677246,11.289999961853027,215376
2025-03-06 16:08:00+00:00,11.316499710083008,11.324999809265137,11.240699768066406,11.244999885559082,168439
2025-03-06 16:09:00+00:00,11.359999656677246,11.380000114440918,11.320099830627441,11.347100257873535,173440
2025-03-06 16:10:00+00:00,11.348999977111816,11.362199783325195,11.3100004196167,11.354999542236328,85707
2025-03-06 16:11:00+00:00,11.32349967956543,11.409500122070312,11.300000190734863,11.354999542236328,188599
2025-03-06 16:12:00+00:00,11.324999809265137,11.350000381469727,11.305000305175781,11.346599578857422,85028
2025-03-06 16:13:00+00:00,11.319999694824219,11.345000267028809,11.3149995803833,11.321800231933594,61296
2025-03-06 16:14:00+00:00,11.321200370788574,11.322600364685059,11.260000228881836,11.319999694824219,156839
2025-03-06 16:15:00+00:00,11.28499984741211,11.329999923706055,11.274999618530273,11.319999694824219,67848
2025-03-06 16:16:00+00:00,11.295000076293945,11.32979965209961,11.280099868774414,11.291999816894531,68115
2025-03-06 16:17:00+00:00,11.3149995803833,11.324999809265137,11.28499984741211,11.291000366210938,147460
2025-03-06 16:18:00+00:00,11.320099830627441,11.345000267028809,11.319999694824219,11.319999694824219,176118
2025-03-06 16:19:00+00:00,11.300000190734863,11.326499938964844,11.28499984741211,11.326499938964844,65783
2025-03-06 16:20:00+00:00,11.244999885559082,11.316300392150879,11.229999542236328,11.289999961853027,159423
2025-03-06 16:21:00+00:00,11.186200141906738,11.270000457763672,11.180000305175781,11.246600151062012,352337
2025-03-06 16:22:00+00:00,11.149999618530273,11.194999694824219,11.109999656677246,11.188899993896484,593412
2025-03-06 16:23:00+00:00,11.170000076293945,11.194999694824219,11.149999618530273,11.156800270080566,293430
2025-03-06 16:24:00+00:00,11.1899995803833,11.210000038146973,11.164999961853027,11.175000190734863,153075
2025-03-06 16:25:00+00:00,11.21500015258789,11.239899635314941,11.180000305175781,11.199999809265137,320519
2025-03-06 16:26:00+00:00,11.175000190734863,11.229999542236328,11.15999984741211,11.210000038146973,142366
2025-03-06 16:27:00+00:00,11.1850004196167,11.199999809265137,11.15999984741211,11.175000190734863,157538
2025-03-06 16:28:00+00:00,11.154999732971191,11.229999542236328,11.140000343322754,11.1899995803833,166655
2025-03-06 16:29:00+00:00,11.279999732971191,11.335000038146973,11.140000343322754,11.154999732971191,960181
2025-03-06 16:30:00+00:00,11.350099563598633,11.4350004196167,11.250499725341797,11.255000114440918,925102
2025-03-06 16:31:00+00:00,11.329999923706055,11.364999771118164,11.322699546813965,11.354999542236328,296370
2025-03-06 16:32:00+00:00,11.300000190734863,11.350000381469727,11.291199684143066,11.320099830627441,104595
2025-03-06 16:33:00+00:00,11.255000114440918,11.319999694824219,11.231800079345703,11.319999694824219,179362
2025-03-06 16:34:00+00:00,11.3100004196167,11.310799598693848,11.250100135803223,11.251799583435059,113507
2025-03-06 16:35:00+00:00,11.234999656677246,11.329999923706055,11.234999656677246,11.303299903869629,128113
2025-03-06 16:36:00+00:00,11.244999885559082,11.28499984741211,11.199999809265137,11.229999542236328,178482
2025-03-06 16:37:00+00:00,11.168800354003906,11.229900360107422,11.160099983215332,11.225000381469727,188619
2025-03-06 16:38:00+00:00,11.175000190734863,11.199999809265137,11.149999618530273,11.170000076293945,279728
2025-03-06 16:39:00+00:00,11.125,11.175000190734863,11.109999656677246,11.175000190734863,486033
2025-03-06 16:40:00+00:00,11.114999771118164,11.130000114440918,11.083600044250488,11.114999771118164,315286
2025-03-06 16:41:00+00:00,11.114999771118164,11.145000457763672,11.083100318908691,11.119999885559082,172278
2025-03-06 16:42:00+00:00,11.104999542236328,11.131400108337402,11.09000015258789,11.100099563598633,90583
2025-03-06 16:43:00+00:00,11.070099830627441,11.111100196838379,11.0600004196167,11.095000267028809,179350
2025-03-06 16:44:00+00:00,11.074999809265137,11.07509994506836,11.039999961853027,11.070099830627441,162769
2025-03-06 16:45:00+00:00,11.085000038146973,11.109999656677246,11.0649995803833,11.079999923706055,306500
2025-03-06 16:46:00+00:00,11.114999771118164,11.125,11.070099830627441,11.096199989318848,279142
2025-03-06 16:47:00+00:00,11.10990047454834,11.114999771118164,11.086400032043457,11.10990047454834,90231
2025-03-06 16:48:00+00:00,11.074999809265137,11.104999542236328,11.060099601745605,11.104999542236328,117702
2025-03-06 16:49:00+00:00,11.024999618530273,11.074999809265137,11.010100364685059,11.074999809265137,223881
2025-03-06 16:50:00+00:00,11.005399703979492,11.028499603271484,10.979999542236328,11.020000457763672,651986
2025-03-06 16:51:00+00:00,10.960000038146973,11.017000198364258,10.930000305175781,11.010000228881836,348105
2025-03-06 16:52:00+00:00,10.954999923706055,10.987199783325195,10.930100440979004,10.940099716186523,482370
2025-03-06 16:53:00+00:00,10.960200309753418,11.005000114440918,10.95009994506836,10.953800201416016,324311
2025-03-06 16:54:00+00:00,10.956399917602539,10.979999542236328,10.92770004272461,10.954999923706055,342899
2025-03-06 16:55:00+00:00,10.925000190734863,10.969900131225586,10.90999984741211,10.954999923706055,172296
2025-03-06 16:56:00+00:00,10.960000038146973,10.970000267028809,10.914999961853027,10.929699897766113,400645
2025-03-06 16:57:00+00:00,10.925000190734863,10.970000267028809,10.920000076293945,10.954999923706055,268704
2025-03-06 16:58:00+00:00,10.914999961853027,10.939900398254395,10.899999618530273,10.930000305175781,372316
2025-03-06 16:59:00+00:00,10.875,10.920000076293945,10.869999885559082,10.90999984741211,474081
2025-03-06 17:00:00+00:00,10.880000114440918,10.896499633789062,10.850000381469727,10.880000114440918,548049
2025-03-06 17:01:00+00:00,10.946399688720703,10.949899673461914,10.869999885559082,10.890000343322754,572627
2025-03-06 17:02:00+00:00,10.868800163269043,10.95989990234375,10.863200187683105,10.944999694824219,279103
2025-03-06 17:03:00+00:00,10.805000305175781,10.869999885559082,10.800000190734863,10.861200332641602,907798
2025-03-06 17:04:00+00:00,10.770000457763672,10.809900283813477,10.760000228881836,10.800700187683105,499668
2025-03-06 17:05:00+00:00,10.786299705505371,10.801199913024902,10.75879955291748,10.771200180053711,336129
2025-03-06 17:06:00+00:00,10.720000267028809,10.789999961853027,10.699999809265137,10.78499984741211,544864
2025-03-06 17:07:00+00:00,10.8100004196167,10.8100004196167,10.704999923706055,10.71780014038086,914529
2025-03-06 17:08:00+00:00,10.795000076293945,10.8149995803833,10.765000343322754,10.805000305175781,247834
2025-03-06 17:09:00+00:00,10.839799880981445,10.84000015258789,10.774999618530273,10.79640007019043,866067
2025-03-06 17:10:00+00:00,10.838800430297852,10.854999542236328,10.805000305175781,10.84000015258789,206838
2025-03-06 17:11:00+00:00,10.839300155639648,10.859999656677246,10.820199966430664,10.820199966430664,170211
2025-03-06 17:12:00+00:00,10.76990032196045,10.829999923706055,10.76990032196045,10.829999923706055,299521
2025-03-06 17:13:00+00:00,10.779999732971191,10.796199798583984,10.760000228881836,10.774999618530273,137613
2025-03-06 17:14:00+00:00,10.749899864196777,10.8149995803833,10.739999771118164,10.779999732971191,247411
2025-03-06 17:15:00+00:00,10.770099639892578,10.770099639892578,10.739999771118164,10.755000114440918,215091
2025-03-06 17:16:00+00:00,10.776399612426758,10.798800468444824,10.75,10.776200294494629,308735
2025-03-06 17:17:00+00:00,10.725000381469727,10.779999732971191,10.710000038146973,10.774999618530273,248729
2025-03-06 17:18:00+00:00,10.838299751281738,10.850000381469727,10.71500015258789,10.725000381469727,337899
2025-03-06 17:19:00+00:00,10.829999923706055,10.86989974975586,10.8100004196167,10.84000015258789,184567
2025-03-06 17:20:00+00:00,10.889900207519531,10.899999618530273,10.810099601745605,10.810099601745605,453897
2025-03-06 17:21:00+00:00,10.88010025024414,10.90999984741211,10.864999771118164,10.895000457763672,329719
2025-03-06 17:22:00+00:00,10.906499862670898,10.9399995803833,10.890000343322754,10.890000343322754,304917
2025-03-06 17:23:00+00:00,10.88129997253418,10.919899940490723,10.880000114440918,10.919899940490723,186039
2025-03-06 17:24:00+00:00,10.830100059509277,10.890000343322754,10.829999923706055,10.886799812316895,227066
2025-03-06 17:25:00+00:00,10.805000305175781,10.838800430297852,10.779999732971191,10.832500457763672,293122
2025-03-06 17:26:00+00:00,10.798800468444824,10.8100004196167,10.779999732971191,10.805000305175781,158045
2025-03-06 17:27:00+00:00,10.719900131225586,10.789999961853027,10.710000038146973,10.789999961853027,543635
2025-03-06 17:28:00+00:00,10.718799591064453,10.744999885559082,10.710000038146973,10.710000038146973,257733
2025-03-06 17:29:00+00:00,10.739999771118164,10.770000457763672,10.729999542236328,10.734999656677246,139252
2025-03-06 17:30:00+00:00,10.8149995803833,10.829899787902832,10.733799934387207,10.744999885559082,265459
2025-03-06 17:31:00+00:00,10.78499984741211,10.835000038146973,10.771200180053711,10.820099830627441,195071
2025-03-06 17:32:00+00:00,10.800000190734863,10.816399574279785,10.770000457763672,10.78499984741211,247068
2025-03-06 17:33:00+00:00,10.800000190734863,10.829999923706055,10.800000190734863,10.800000190734863,135287
2025-03-06 17:34:00+00:00,10.800000190734863,10.819999694824219,10.779999732971191,10.795000076293945,202827
2025-03-06 17:35:00+00:00,10.774999618530273,10.819999694824219,10.760000228881836,10.800000190734863,152650
2025-03-06 17:36:00+00:00,10.754899978637695,10.778800010681152,10.729999542236328,10.770099639892578,239862
2025-03-06 17:37:00+00:00,10.75879955291748,10.770000457763672,10.731200218200684,10.760000228881836,90821
2025-03-06 17:38:00+00:00,10.800000190734863,10.800000190734863,10.739999771118164,10.75,149679
2025-03-06 17:39:00+00:00,10.748800277709961,10.806699752807617,10.741499900817871,10.795000076293945,170979
2025-03-06 17:40:00+00:00,10.824999809265137,10.824999809265137,10.729999542236328,10.744999885559082,355328
2025-03-06 17:41:00+00:00,10.8149995803833,10.859999656677246,10.800200462341309,10.819999694824219,319703
2025-03-06 17:42:00+00:00,10.840999603271484,10.850000381469727,10.779999732971191,10.8100004196167,182863
2025-03-06 17:43:00+00:00,10.82229995727539,10.84000015258789,10.810099601745605,10.84000015258789,126417
2025-03-06 17:44:00+00:00,10.809000015258789,10.829999923706055,10.795000076293945,10.829999923706055,95290
2025-03-06 17:45:00+00:00,10.770099639892578,10.8100004196167,10.770099639892578,10.809000015258789,189832
2025-03-06 17:46:00+00:00,10.729499816894531,10.779899597167969,10.72070026397705,10.774999618530273,296068
2025-03-06 17:47:00+00:00,10.71500015258789,10.729999542236328,10.699999809265137,10.728799819946289,453996
2025-03-06 17:48:00+00:00,10.698399543762207,10.720000267028809,10.65999984741211,10.71500015258789,993355
2025-03-06 17:49:00+00:00,10.662300109863281,10.709799766540527,10.649999618530273,10.709799766540527,491334
2025-03-06 17:50:00+00:00,10.691900253295898,10.709699630737305,10.664999961853027,10.664999961853027,410672
2025-03-06 17:51:00+00:00,10.688799858093262,10.6899995803833,10.667799949645996,10.6899995803833,305282
2025-03-06 17:52:00+00:00,10.620100021362305,10.694999694824219,10.609999656677246,10.688799858093262,622727
2025-03-06 17:53:00+00:00,10.65880012512207,10.680000305175781,10.612600326538086,10.619999885559082,415563
2025-03-06 17:54:00+00:00,10.699999809265137,10.710000038146973,10.656999588012695,10.656999588012695,509784
2025-03-06 17:55:00+00:00,10.75,10.76990032196045,10.690099716186523,10.69890022277832,516509
2025-03-06 17:56:00+00:00,10.739999771118164,10.770000457763672,10.729299545288086,10.759900093078613,179707
2025-03-06 17:57:00+00:00,10.755000114440918,10.760000228881836,10.6899995803833,10.732799530029297,160953
2025-03-06 17:58:00+00:00,10.828700065612793,10.829899787902832,10.744999885559082,10.756199836730957,229343
2025-03-06 17:59:00+00:00,10.795000076293945,10.849300384521484,10.780099868774414,10.829899787902832,355855
2025-03-06 18:00:00+00:00,10.779999732971191,10.831199645996094,10.779999732971191,10.795000076293945,122702
2025-03-06 18:01:00+00:00,10.789999961853027,10.840999603271484,10.784899711608887,10.789999961853027,163133
2025-03-06 18:02:00+00:00,10.8100004196167,10.819999694824219,10.789999961853027,10.79539966583252,110703
2025-03-06 18:03:00+00:00,10.789999961853027,10.819999694824219,10.779999732971191,10.805399894714355,148751
2025-03-06 18:04:00+00:00,10.779999732971191,10.788800239562988,10.750100135803223,10.78499984741211,218459
2025-03-06 18:05:00+00:00,10.805000305175781,10.8100004196167,10.75,10.770000457763672,188046
2025-03-06 18:06:00+00:00,10.68120002746582,10.795000076293945,10.670000076293945,10.795000076293945,243713
2025-03-06 18:07:00+00:00,10.722599983215332,10.727899551391602,10.681099891662598,10.681099891662598,116509
2025-03-06 18:08:00+00:00,10.736200332641602,10.739999771118164,10.720100402832031,10.729999542236328,86728
2025-03-06 18:09:00+00:00,10.730299949645996,10.746700286865234,10.71150016784668,10.744500160217285,103366
2025-03-06 18:10:00+00:00,10.694999694824219,10.75,10.6899995803833,10.744999885559082,151268
2025-03-06 18:11:00+00:00,10.786199569702148,10.786199569702148,10.699999809265137,10.699999809265137,169592
2025-03-06 18:12:00+00:00,10.78499984741211,10.826600074768066,10.781200408935547,10.78499984741211,160193
2025-03-06 18:13:00+00:00,10.739800453186035,10.795000076293945,10.703499794006348,10.780099868774414,125710
2025-03-06 18:14:00+00:00,10.765199661254883,10.774999618530273,10.720999717712402,10.739999771118164,147828
2025-03-06 18:15:00+00:00,10.798800468444824,10.819999694824219,10.770400047302246,10.770400047302246,196149
2025-03-06 18:16:00+00:00,10.753700256347656,10.788999557495117,10.744999885559082,10.788999557495117,80331
2025-03-06 18:17:00+00:00,10.787699699401855,10.789899826049805,10.750100135803223,10.755000114440918,62244
2025-03-06 18:18:00+00:00,10.800000190734863,10.8100004196167,10.762499809265137,10.789999961853027,61980
2025-03-06 18:19:00+00:00,10.798999786376953,10.829899787902832,10.79010009765625,10.809900283813477,168054
2025-03-06 18:20:00+00:00,10.776800155639648,10.805000305175781,10.760000228881836,10.805000305175781,118337
2025-03-06 18:21:00+00:00,10.84160041809082,10.859999656677246,10.789999961853027,10.789999961853027,217725
2025-03-06 18:22:00+00:00,10.819700241088867,10.84000015258789,10.789999961853027,10.84000015258789,66162
2025-03-06 18:23:00+00:00,10.835000038146973,10.84000015258789,10.805000305175781,10.819999694824219,119377
2025-03-06 18:24:00+00:00,10.8100004196167,10.84630012512207,10.8100004196167,10.83240032196045,69358
2025-03-06 18:25:00+00:00,10.779999732971191,10.83650016784668,10.770000457763672,10.805000305175781,160844
2025-03-06 18:26:00+00:00,10.789999961853027,10.805000305175781,10.760100364685059,10.78499984741211,165756
2025-03-06 18:27:00+00:00,10.769800186157227,10.800000190734863,10.760000228881836,10.79800033569336,180055
2025-03-06 18:28:00+00:00,10.728099822998047,10.76990032196045,10.71049976348877,10.761099815368652,238910
2025-03-06 18:29:00+00:00,10.71619987487793,10.726400375366211,10.699999809265137,10.725000381469727,120061
2025-03-06 18:30:00+00:00,10.71500015258789,10.739999771118164,10.679900169372559,10.716300010681152,420448
2025-03-06 18:31:00+00:00,10.746199607849121,10.760000228881836,10.6899995803833,10.71500015258789,250707
2025-03-06 18:32:00+00:00,10.71500015258789,10.760000228881836,10.704999923706055,10.744999885559082,127714
2025-03-06 18:33:00+00:00,10.734999656677246,10.736800193786621,10.704999923706055,10.71500015258789,92183
2025-03-06 18:34:00+00:00,10.711199760437012,10.739899635314941,10.711199760437012,10.729999542236328,80648
2025-03-06 18:35:00+00:00,10.702699661254883,10.739999771118164,10.690099716186523,10.711199760437012,193216
2025-03-06 18:36:00+00:00,10.720000267028809,10.725000381469727,10.694999694824219,10.704999923706055,69908
2025-03-06 18:37:00+00:00,10.654999732971191,10.725000381469727,10.640000343322754,10.71500015258789,339588
2025-03-06 18:38:00+00:00,10.565299987792969,10.654999732971191,10.5600004196167,10.654999732971191,902884
2025-03-06 18:39:00+00:00,10.541099548339844,10.569999694824219,10.539999961853027,10.5600004196167,328327
2025-03-06 18:40:00+00:00,10.489999771118164,10.539999961853027,10.479999542236328,10.539999961853027,1023159
2025-03-06 18:41:00+00:00,10.505000114440918,10.529999732971191,10.489999771118164,10.500100135803223,185854
2025-03-06 18:42:00+00:00,10.509900093078613,10.526599884033203,10.470000267028809,10.5,225405
2025-03-06 18:43:00+00:00,10.489999771118164,10.520000457763672,10.46030044555664,10.5,495843
2025-03-06 18:44:00+00:00,10.496700286865234,10.520000457763672,10.475000381469727,10.479999542236328,254112
2025-03-06 18:45:00+00:00,10.569999694824219,10.569999694824219,10.490099906921387,10.505000114440918,320104
2025-03-06 18:46:00+00:00,10.574999809265137,10.609999656677246,10.539999961853027,10.5649995803833,535690
2025-03-06 18:47:00+00:00,10.548800468444824,10.579999923706055,10.539999961853027,10.555000305175781,335586
2025-03-06 18:48:00+00:00,10.579299926757812,10.59000015258789,10.539999961853027,10.550000190734863,352215
2025-03-06 18:49:00+00:00,10.53499984741211,10.590200424194336,10.530099868774414,10.579999923706055,92018
2025-03-06 18:50:00+00:00,10.539299964904785,10.5649995803833,10.530099868774414,10.53499984741211,204398
2025-03-06 18:51:00+00:00,10.5649995803833,10.589900016784668,10.531200408935547,10.531200408935547,158443
2025-03-06 18:52:00+00:00,10.642800331115723,10.649900436401367,10.574999809265137,10.574999809265137,567880
2025-03-06 18:53:00+00:00,10.659000396728516,10.670000076293945,10.625,10.645000457763672,170499
2025-03-06 18:54:00+00:00,10.631099700927734,10.65999984741211,10.619999885559082,10.65999984741211,235853
2025-03-06 18:55:00+00:00,10.68239974975586,10.6899995803833,10.619999885559082,10.630000114440918,354109
2025-03-06 18:56:00+00:00,10.666199684143066,10.706600189208984,10.651200294494629,10.682499885559082,218460
2025-03-06 18:57:00+00:00,10.65999984741211,10.6899995803833,10.64009952545166,10.664999961853027,87233
2025-03-06 18:58:00+00:00,10.680000305175781,10.699999809265137,10.654999732971191,10.656399726867676,212014
2025-03-06 18:59:00+00:00,10.694999694824219,10.710000038146973,10.65999984741211,10.676199913024902,389072
2025-03-06 19:00:00+00:00,10.718799591064453,10.725000381469727,10.67140007019043,10.710000038146973,204159
2025-03-06 19:01:00+00:00,10.63010025024414,10.720000267028809,10.63010025024414,10.71500015258789,262859
2025-03-06 19:02:00+00:00,10.635000228881836,10.637499809265137,10.580100059509277,10.630000114440918,210615
2025-03-06 19:03:00+00:00,10.605400085449219,10.640000343322754,10.600000381469727,10.630000114440918,158455
2025-03-06 19:04:00+00:00,10.604999542236328,10.619999885559082,10.579999923706055,10.600000381469727,232368
2025-03-06 19:05:00+00:00,10.639900207519531,10.647000312805176,10.604999542236328,10.604999542236328,110647
2025-03-06 19:06:00+00:00,10.670000076293945,10.670000076293945,10.590100288391113,10.630000114440918,91248
2025-03-06 19:07:00+00:00,10.699999809265137,10.710000038146973,10.650099754333496,10.669899940490723,241203
2025-03-06 19:08:00+00:00,10.649999618530273,10.688799858093262,10.649999618530273,10.688799858093262,106264
2025-03-06 19:09:00+00:00,10.635000228881836,10.649999618530273,10.619999885559082,10.645000457763672,92532
2025-03-06 19:10:00+00:00,10.720000267028809,10.720000267028809,10.633399963378906,10.633399963378906,278706
2025-03-06 19:11:00+00:00,10.654999732971191,10.729900360107422,10.649999618530273,10.70829963684082,144725
2025-03-06 19:12:00+00:00,10.643500328063965,10.669899940490723,10.639800071716309,10.65999984741211,90406
2025-03-06 19:13:00+00:00,10.670000076293945,10.689900398254395,10.645000457763672,10.645000457763672,46511
2025-03-06 19:14:00+00:00,10.649900436401367,10.679900169372559,10.64009952545166,10.662300109863281,81885
2025-03-06 19:15:00+00:00,10.65999984741211,10.6899995803833,10.64009952545166,10.648799896240234,171099
2025-03-06 19:16:00+00:00,10.579999923706055,10.649999618530273,10.569999694824219,10.645000457763672,254150
2025-03-06 19:17:00+00:00,10.604999542236328,10.609999656677246,10.569999694824219,10.585000038146973,137794
2025-03-06 19:18:00+00:00,10.53499984741211,10.60990047454834,10.529999732971191,10.600000381469727,353464
2025-03-06 19:19:00+00:00,10.526399612426758,10.539999961853027,10.5,10.536800384521484,293500
2025-03-06 19:20:00+00:00,10.489899635314941,10.54990005493164,10.48009967803955,10.520099639892578,290107
2025-03-06 19:21:00+00:00,10.470000267028809,10.506199836730957,10.470000267028809,10.479999542236328,261479
2025-03-06 19:22:00+00:00,10.51990032196045,10.520000457763672,10.471199989318848,10.471199989318848,277723
2025-03-06 19:23:00+00:00,10.528800010681152,10.539899826049805,10.510000228881836,10.510000228881836,303372
2025-03-06 19:24:00+00:00,10.547900199890137,10.5600004196167,10.518500328063965,10.518799781799316,392262
2025-03-06 19:25:00+00:00,10.524999618530273,10.548800468444824,10.479999542236328,10.548800468444824,241436
2025-03-06 19:26:00+00:00,10.524999618530273,10.524999618530273,10.5,10.520000457763672,87763
2025-03-06 19:27:00+00:00,10.484999656677246,10.510000228881836,10.449999809265137,10.510000228881836,309486
2025-03-06 19:28:00+00:00,10.46500015258789,10.489999771118164,10.460000038146973,10.479999542236328,349936
2025-03-06 19:29:00+00:00,10.495599746704102,10.510000228881836,10.460000038146973,10.470000267028809,219205
2025-03-06 19:30:00+00:00,10.489999771118164,10.510000228881836,10.46500015258789,10.493200302124023,137830
2025-03-06 19:31:00+00:00,10.524999618530273,10.529800415039062,10.460000038146973,10.494999885559082,339319
2025-03-06 19:32:00+00:00,10.545000076293945,10.579999923706055,10.524999618530273,10.527999877929688,417862
2025-03-06 19:33:00+00:00,10.544899940490723,10.5649995803833,10.529999732971191,10.545000076293945,138278
2025-03-06 19:34:00+00:00,10.520999908447266,10.560999870300293,10.51669979095459,10.549799919128418,245826
2025-03-06 19:35:00+00:00,10.545000076293945,10.545000076293945,10.515000343322754,10.52970027923584,133423
2025-03-06 19:36:00+00:00,10.559800148010254,10.569899559020996,10.524999618530273,10.545000076293945,148726
2025-03-06 19:37:00+00:00,10.5,10.556300163269043,10.5,10.556300163269043,58579
2025-03-06 19:38:00+00:00,10.523599624633789,10.555000305175781,10.5,10.505000114440918,105421
2025-03-06 19:39:00+00:00,10.515000343322754,10.555000305175781,10.511199951171875,10.539999961853027,54131
2025-03-06 19:40:00+00:00,10.555000305175781,10.576199531555176,10.500100135803223,10.515000343322754,122317
2025-03-06 19:41:00+00:00,10.598400115966797,10.600000381469727,10.544300079345703,10.55620002746582,81881
2025-03-06 19:42:00+00:00,10.65999984741211,10.6697998046875,10.587900161743164,10.59000015258789,217171
2025-03-06 19:43:00+00:00,10.65999984741211,10.670000076293945,10.64009952545166,10.649999618530273,259233
2025-03-06 19:44:00+00:00,10.619999885559082,10.680000305175781,10.619999885559082,10.65999984741211,186131
2025-03-06 19:45:00+00:00,10.686599731445312,10.6899995803833,10.603099822998047,10.614999771118164,149916
2025-03-06 19:46:00+00:00,10.725000381469727,10.739999771118164,10.672900199890137,10.675000190734863,203047
2025-03-06 19:47:00+00:00,10.6850004196167,10.726400375366211,10.680700302124023,10.71500015258789,152527
2025-03-06 19:48:00+00:00,10.845600128173828,10.859999656677246,10.6899995803833,10.6899995803833,620112
2025-03-06 19:49:00+00:00,10.824999809265137,10.856200218200684,10.800000190734863,10.84119987487793,425063
2025-03-06 19:50:00+00:00,10.920000076293945,10.930000305175781,10.8100004196167,10.829999923706055,639020
2025-03-06 19:51:00+00:00,10.943300247192383,10.989999771118164,10.885000228881836,10.911199569702148,529425
2025-03-06 19:52:00+00:00,11.017399787902832,11.024999618530273,10.944999694824219,10.968500137329102,463544
2025-03-06 19:53:00+00:00,10.911199569702148,11.029999732971191,10.901200294494629,11.024999618530273,495081
2025-03-06 19:54:00+00:00,10.914999961853027,10.93120002746582,10.880000114440918,10.914999961853027,293920
2025-03-06 19:55:00+00:00,10.779999732971191,10.914999961853027,10.779999732971191,10.90999984741211,225689
2025-03-06 19:56:00+00:00,10.819999694824219,10.835000038146973,10.774999618530273,10.776399612426758,180413
2025-03-06 19:57:00+00:00,10.774999618530273,10.869999885559082,10.760700225830078,10.824999809265137,165060
2025-03-06 19:58:00+00:00,10.710000038146973,10.78499984741211,10.699999809265137,10.763699531555176,225354
2025-03-06 19:59:00+00:00,10.609999656677246,10.704999923706055,10.59000015258789,10.704999923706055,775646
2025-03-06 20:00:00+00:00,10.631199836730957,10.636799812316895,10.545000076293945,10.604999542236328,389221
2025-03-06 20:01:00+00:00,10.643600463867188,10.670000076293945,10.59000015258789,10.625,331357
2025-03-06 20:02:00+00:00,10.61989974975586,10.676600456237793,10.590100288391113,10.64780044555664,169812
2025-03-06 20:03:00+00:00,10.65999984741211,10.680000305175781,10.61359977722168,10.619999885559082,218554
2025-03-06 20:04:00+00:00,10.739999771118164,10.763799667358398,10.670000076293945,10.670000076293945,246917
2025-03-06 20:05:00+00:00,10.736700057983398,10.75,10.688799858093262,10.729999542236328,222975
2025-03-06 20:06:00+00:00,10.750100135803223,10.824999809265137,10.728799819946289,10.728799819946289,292864
2025-03-06 20:07:00+00:00,10.71560001373291,10.76930046081543,10.704999923706055,10.755000114440918,139908
2025-03-06 20:08:00+00:00,10.6899995803833,10.71660041809082,10.670000076293945,10.71660041809082,111820
2025-03-06 20:09:00+00:00,10.68850040435791,10.719900131225586,10.675000190734863,10.680000305175781,117174
2025-03-06 20:10:00+00:00,10.744999885559082,10.770000457763672,10.677000045776367,10.680000305175781,350430
2025-03-06 20:11:00+00:00,10.729999542236328,10.76990032196045,10.715800285339355,10.73550033569336,262230
2025-03-06 20:12:00+00:00,10.6899995803833,10.75,10.681500434875488,10.725000381469727,200344
2025-03-06 20:13:00+00:00,10.699999809265137,10.710000038146973,10.649999618530273,10.6899995803833,231817
2025-03-06 20:14:00+00:00,10.725000381469727,10.739999771118164,10.6850004196167,10.6899995803833,192832
2025-03-06 20:15:00+00:00,10.762200355529785,10.789999961853027,10.699999809265137,10.729299545288086,124976
2025-03-06 20:16:00+00:00,10.71500015258789,10.768500328063965,10.694999694824219,10.768500328063965,154182
2025-03-06 20:17:00+00:00,10.739899635314941,10.746600151062012,10.701399803161621,10.71500015258789,242156
2025-03-06 20:18:00+00:00,10.718999862670898,10.739999771118164,10.69849967956543,10.729999542236328,47050
2025-03-06 20:19:00+00:00,10.689900398254395,10.71500015258789,10.64009952545166,10.711199760437012,264170
2025-03-06 20:20:00+00:00,10.635000228881836,10.718500137329102,10.630000114440918,10.680000305175781,203717
2025-03-06 20:21:00+00:00,10.609999656677246,10.648799896240234,10.604999542236328,10.631500244140625,217934
2025-03-06 20:22:00+00:00,10.542699813842773,10.60990047454834,10.510000228881836,10.600000381469727,238172
2025-03-06 20:23:00+00:00,10.501199722290039,10.5649995803833,10.5,10.545000076293945,227799
2025-03-06 20:24:00+00:00,10.536700248718262,10.539999961853027,10.470100402832031,10.5,233385
2025-03-06 20:25:00+00:00,10.545000076293945,10.54990005493164,10.50879955291748,10.529899597167969,190571
2025-03-06 20:26:00+00:00,10.54990005493164,10.550000190734863,10.510000228881836,10.544599533081055,151683
2025-03-06 20:27:00+00:00,10.5600004196167,10.574999809265137,10.522600173950195,10.542900085449219,125561
2025-03-06 20:28:00+00:00,10.573800086975098,10.579999923706055,10.529999732971191,10.555000305175781,84337
2025-03-06 20:29:00+00:00,10.561300277709961,10.579999923706055,10.550100326538086,10.579999923706055,112296
2025-03-06 20:30:00+00:00,10.5649995803833,10.61989974975586,10.541600227355957,10.569999694824219,253156
2025-03-06 20:31:00+00:00,10.614999771118164,10.619999885559082,10.5649995803833,10.569999694824219,260621
2025-03-06 20:32:00+00:00,10.694999694824219,10.699000358581543,10.604999542236328,10.604999542236328,227610
2025-03-06 20:33:00+00:00,10.703800201416016,10.800000190734863,10.6899995803833,10.6899995803833,456174
2025-03-06 20:34:00+00:00,10.65999984741211,10.720100402832031,10.630000114440918,10.710000038146973,305322
2025-03-06 20:35:00+00:00,10.65999984741211,10.6899995803833,10.64900016784668,10.649999618530273,115474
2025-03-06 20:36:00+00:00,10.690999984741211,10.76099967956543,10.671199798583984,10.678999900817871,275593
2025-03-06 20:37:00+00:00,10.6899995803833,10.728300094604492,10.67020034790039,10.699999809265137,156891
2025-03-06 20:38:00+00:00,10.690099716186523,10.694999694824219,10.633099555969238,10.680899620056152,280759
2025-03-06 20:39:00+00:00,10.654500007629395,10.696499824523926,10.632100105285645,10.694999694824219,85621
2025-03-06 20:40:00+00:00,10.609999656677246,10.65999984741211,10.585000038146973,10.630000114440918,215430
2025-03-06 20:41:00+00:00,10.59000015258789,10.619999885559082,10.5600004196167,10.618800163269043,158706
2025-03-06 20:42:00+00:00,10.501399993896484,10.600000381469727,10.501399993896484,10.585000038146973,247806
2025-03-06 20:43:00+00:00,10.539899826049805,10.555000305175781,10.510000228881836,10.510000228881836,288422
2025-03-06 20:44:00+00:00,10.524999618530273,10.566200256347656,10.503800392150879,10.550000190734863,162796
2025-03-06 20:45:00+00:00,10.579999923706055,10.579999923706055,10.505000114440918,10.515000343322754,153701
2025-03-06 20:46:00+00:00,10.515000343322754,10.588700294494629,10.510000228881836,10.588700294494629,341766
2025-03-06 20:47:00+00:00,10.59000015258789,10.596400260925293,10.511199951171875,10.511199951171875,283733
2025-03-06 20:48:00+00:00,10.64009952545166,10.649999618530273,10.579999923706055,10.599699974060059,180170
2025-03-06 20:49:00+00:00,10.670000076293945,10.670000076293945,10.625,10.649999618530273,218286
2025-03-06 20:50:00+00:00,10.704999923706055,10.720000267028809,10.612500190734863,10.680000305175781,334333
2025-03-06 20:51:00+00:00,10.683199882507324,10.739999771118164,10.670000076293945,10.706399917602539,245202
2025-03-06 20:52:00+00:00,10.651000022888184,10.680100440979004,10.630000114440918,10.675000190734863,197608
2025-03-06 20:53:00+00:00,10.671199798583984,10.671199798583984,10.649999618530273,10.656100273132324,210405
2025-03-06 20:54:00+00:00,10.729999542236328,10.729999542236328,10.65999984741211,10.670000076293945,340228
2025-03-06 20:55:00+00:00,10.759900093078613,10.829999923706055,10.71500015258789,10.739999771118164,560008
2025-03-06 20:56:00+00:00,10.71500015258789,10.765399932861328,10.71500015258789,10.765399932861328,188699
2025-03-06 20:57:00+00:00,10.71500015258789,10.720000267028809,10.65999984741211,10.71500015258789,402475
2025-03-06 20:58:00+00:00,10.725000381469727,10.739999771118164,10.690099716186523,10.718600273132324,439513
2025-03-06 20:59:00+00:00,10.75,10.75,10.683199882507324,10.720000267028809,602368
